{
  "users": [
    { "name": "Alice Johnson", "email": "alice@example.com", "location": "New York" },
    { "name": "Bob Smith", "email": "bob@example.com", "location": "San Francisco" }
  ],
  "products": [
    { "name": "HP Pavilion Laptop", "description": "Reliable HP laptop for everyday use", "category": "Laptops", "price": 599.99, "brand": "HP", "rating": 4.2, "stock": 25, "purchaseCount": 50 },
    { "name": "Dell Inspiron Laptop", "description": "Dell Inspiron with great battery life", "category": "Laptops", "price": 649.99, "brand": "Dell", "rating": 4.3, "stock": 15, "purchaseCount": 40 },
    { "name": "Apple MacBook Air", "description": "M1 MacBook Air - lightweight and powerful", "category": "Laptops", "price": 999.99, "brand": "Apple", "rating": 4.8, "stock": 10, "purchaseCount": 70 },
    { "name": "Samsung Galaxy S21", "description": "Samsung flagship phone", "category": "Phones", "price": 799.99, "brand": "Samsung", "rating": 4.5, "stock": 30, "purchaseCount": 120 },
    { "name": "Google Pixel 6", "description": "Google phone with clean Android", "category": "Phones", "price": 599.99, "brand": "Google", "rating": 4.4, "stock": 20, "purchaseCount": 60 },
    { "name": "Logitech Wireless Mouse", "description": "Comfortable wireless mouse", "category": "Accessories", "price": 29.99, "brand": "Logitech", "rating": 4.1, "stock": 100, "purchaseCount": 200 }
  ],
  "orders": [
    {
      "userEmail": "alice@example.com",
      "items": [ { "productName": "HP Pavilion Laptop", "quantity": 1 }, { "productName": "Logitech Wireless Mouse", "quantity": 1 } ],
      "createdAt": "2025-09-30T10:00:00Z"
    },
    {
      "userEmail": "bob@example.com",
      "items": [ { "productName": "Apple MacBook Air", "quantity": 1 } ],
      "createdAt": "2025-10-05T12:00:00Z"
    },
    {
      "userEmail": "alice@example.com",
      "items": [ { "productName": "Google Pixel 6", "quantity": 2 } ],
      "createdAt": "2025-10-10T09:30:00Z"
    }
  ],
  "reviews": [
    { "userEmail": "alice@example.com", "productName": "HP Pavilion Laptop", "rating": 4, "text": "Good value for money", "createdAt": "2025-09-30T11:00:00Z" },
    { "userEmail": "bob@example.com", "productName": "Apple MacBook Air", "rating": 5, "text": "Love the battery life", "createdAt": "2025-10-06T08:00:00Z" }
  ]
}

